{"cameraMode":{"drawMode":0,"name":"Shaded","section":"Shading Mode"},"sceneLighting":false,"audioPlay":false,"sceneViewState":{"showFog":true,"showMaterialUpdate":false,"showSkybox":true,"showFlares":true,"showImageEffects":true,"showParticleSystems":true},"in2DMode":false,"pivot":{"x":1030.5841064453125,"y":1292.9625244140625,"z":46.920169830322269},"rotation":{"x":-0.46393030881881716,"y":0.15581858158111573,"z":-0.08327152580022812,"w":-0.8680754899978638},"size":1100.687255859375,"orthographic":false}