{"cameraMode":{"drawMode":0,"name":"Shaded","section":"Shading Mode"},"sceneLighting":false,"audioPlay":false,"sceneViewState":{"showFog":true,"showMaterialUpdate":false,"showSkybox":true,"showFlares":true,"showImageEffects":true,"showParticleSystems":true},"in2DMode":false,"pivot":{"x":1.2745822668075562,"y":3.3871827125549318,"z":-1.2055554389953614},"rotation":{"x":-0.152010977268219,"y":0.2824305593967438,"z":-0.04537655785679817,"w":-0.9460796117782593},"size":2.8578836917877199,"orthographic":false}