{"cameraMode":{"drawMode":0,"name":"Shaded","section":"Shading Mode"},"sceneLighting":false,"audioPlay":false,"sceneViewState":{"showFog":true,"showMaterialUpdate":false,"showSkybox":true,"showFlares":true,"showImageEffects":true,"showParticleSystems":true},"in2DMode":false,"pivot":{"x":-64.12094116210938,"y":1028.735107421875,"z":-9.312198638916016},"rotation":{"x":-0.15716125071048737,"y":-0.003846744541078806,"z":0.0006146578234620392,"w":-0.987565279006958},"size":704.8803100585938,"orthographic":false}