{"cameraMode":{"drawMode":0,"name":"Shaded","section":"Shading Mode"},"sceneLighting":false,"audioPlay":false,"sceneViewState":{"showFog":true,"showMaterialUpdate":false,"showSkybox":true,"showFlares":true,"showImageEffects":true,"showParticleSystems":true},"in2DMode":false,"pivot":{"x":0.6013983488082886,"y":5.468912601470947,"z":-3.32808780670166},"rotation":{"x":-0.1568811535835266,"y":0.1466720551252365,"z":-0.023563751950860025,"w":-0.9763813018798828},"size":2.8578836917877199,"orthographic":false}